t0,t1,cost
0.05779813218390804,0.015148619391263255,0.17209591584777292
0.10927102486437282,0.02793437532808123,0.14554346633784934
0.15513627692845455,0.03862896934606161,0.12460256812472352
0.19602994475634383,0.04747321080151025,0.10807108448776
0.23251580874546174,0.054680527561149425,0.09500456965366112
0.26509358677971007,0.060440077733939675,0.08466102835488716
0.29420621431384214,0.06491950778289253,0.07645751713313571
0.32024629714353636,0.06826739720252856,0.06993604890464626
0.34356183087781117,0.07061542538090614,0.06473680647196307
0.3644612704462963,0.07208029221738418,0.06057709818284431
0.3832180235039033,0.07276542047951033,0.05723482480758679
0.4000744332016423,0.0727624647023718,0.0545354905769383
0.41524530835241086,0.07215264861507567,0.05234199862837102
0.42892105242614276,0.07100795058067069,0.05054663397454425
0.44127043696365814,0.06939215432138295,0.049064765060678035
0.4524430598177495,0.06736178023824893,0.047829895501532625
0.46257152403798096,0.06496691089449326,0.046789776563607055
0.471773369145465,0.06225192268996711,0.045903353003446244
0.48015278293621183,0.05925613438716997,0.04513836361774104
0.4878021187539539,0.056014381937907184,0.044469456156411236
0.49480324033904477,0.05255752798583805,0.043876706336059924
0.501228713847821,0.0489129134683989,0.04334445432788923
0.5071428644100928,0.045104757897974836,0.0428603906639323
0.5126027126187561,0.041154514154452065,0.042414838094470074
0.5176588045961317,0.037081182958514564,0.04200018739110758
0.5223559477310539,0.032901591607598396,0.041610454094596405
0.5267338628063587,0.02863064103572481,0.04124093028080793
0.5308277620182292,0.02428152479691283,0.04088791097607627
0.5346688613091054,0.019865923162799344,0.040548479219531364
0.5382848344788148,0.015394175162509207,0.040220337200430036
0.5417002156902921,0.010875431071436896,0.03990167359351651
0.5449367562343658,0.00631778757074231,0.039591059332743955
0.5480137407516458,0.001728407546875966,0.039287365727107414
0.5509482675188392,-0.002886373723345814,0.03898970012917533
0.5537554968832387,-0.007520954454957279,0.03869735539360052
0.5564488714650496,-0.01217038293301319,0.03840977016949525
0.5590403113358807,-0.01683028357121415,0.03812649770424971
0.5615403870171245,-0.02149679137361938,0.03784718133422422
0.5639584728187933,-0.026166493844511862,0.03757153522887346
0.5663028827529349,-0.03083637950000046,0.037299329262144285
0.5685809910018664,-0.03550379223113077,0.03703037712639981
0.5707993386964274,-0.04016639085353319,0.03676452699378369
0.5729637285599928,-0.04482211325420437,0.0365016541789421
0.5750793087971878,-0.04946914461299867,0.036241655374082804
0.577150647449547,-0.05410588923577487,0.0359844441193193
0.579181798301458,-0.0587309455887651,0.0357299472435002
0.5811763592966237,-0.06334308417037515,0.035478102067488894
0.5831375243161523,-0.06794122789796664,0.03522885420645417
0.5850681290726631,-0.07252443472381491,0.03498215584276848
0.5869706917890704,-0.07709188222691597,0.03473796436863607
0.588847449254715,-0.08164285395610375,0.03449624131919783
0.5907003887841684,-0.08617672732545598,0.03425695153384928
0.5925312765443286,-0.09069296288558382,0.034020062496854964
0.5943416826625196,-0.09519109481444724,0.03378554381882896
0.5961330034814035,-0.09967072248910669,0.03355336682888908
0.5979064812849404,-0.10413150301557125,0.03332350425376475
0.5996632217827909,-0.10857314460786278,0.03309592996522336
0.6014042096078904,-0.11299540071978907,0.03287061878117428
0.6031303220529817,-0.11739806484388608,0.03264754630894849
0.6048423412462282,-0.12178096590171016,0.03242668882171753
0.6065409649432951,-0.12614396415827725,0.032208023160951886
0.6082268160931208,-0.13048694760108318,0.031991526659341754
0.6099004513167376,-0.13480982873090824,0.03177717707979775
0.611562368422664,-0.13911254171760903,0.0315649525670892
0.6132130130683511,-0.1433950398794188,0.03135483160941517
0.6148527846647273,-0.1476572934489909,0.031146793007783228
0.6164820416098541,-0.15189928759359855,0.030940815851526655
0.6181011059279347,-0.15612102066060649,0.030736879498648253
0.6197102673812483,-0.1603225026226134,0.030534963559960288
0.6213097871149103,-0.1645037536995729,0.030335047886211164
0.6228999008875438,-0.16866480313777943,0.03013711255756223
0.6244808219349232,-0.1728056881278918,0.029941137874915456
0.6260527435082957,-0.17692645284619235,0.029747104352698877
0.6276158411243514,-0.1810271476050759,0.02955499271280142
0.6291702745596103,-0.18510782810035406,0.029364783879414724
0.6307161896182685,-0.1891685547443714,0.0291764589745912
0.6322537196992504,-0.1932093920751804,0.02898999931436892
0.6337829871852813,-0.1972304082331305,0.02880538640534544
0.6353041046742084,-0.20123167449720877,0.028622601941608167
0.6368171760704953,-0.20521326487434058,0.028441627801948626
0.6383222975527797,-0.20917525573563092,0.02826244604730337
0.6398195584315786,-0.2131177254942102,0.028085038918376753
0.641309041909623,-0.21704075431995548,0.027909388833410098
0.6427908257558889,-0.22094442388689509,0.027735478386069528
0.6442649829031291,-0.2248288171495815,0.0275632903434305
0.6457315819776012,-0.2286940181451388,0.027392807644042103
0.647190687768695,-0.23254011181806591,0.027224013396057085
0.6486423616452895,-0.23636718386520844,0.027056890875417367
0.6500866619248921,-0.2401753205986056,0.026891423524086328
0.6515236442009256,-0.24396460882417986,0.02672759494832141
0.6529533616329194,-0.2477351357344675,0.026565388916981486
0.6543758652038185,-0.25148698881379333,0.02640478935986527
0.6557912039481482,-0.2552202557544739,0.026245780366076856
0.6571994251543439,-0.2589350243827949,0.026088346182416428
0.6586005745441851,-0.26263138259365093,0.025932471211793484
0.6599946964319298,-0.26630941829286114,0.025778140011661167
0.6613818338654609,-0.26996921934628854,0.025625337292470362
0.6627620287514849,-0.2736108735349872,0.02547404791614229
0.6641353219665957,-0.27723446851569233,0.025324256894558934
0.6655017534558102,-0.2808400917860438,0.025175949388070325
0.6668613623199974,-0.28442783065400484,0.025029110704018313
0.668214186893464,-0.28799777221099726,0.024883726295276198
0.6695602648128142,-0.29155000330833025,0.024739781758803717
0.6708996330780743,-0.2950846105365469,0.02459726283421727
0.6722323281069623,-0.2986016802073556,0.024456155402374738
0.6735583857830785,-0.30210129833785204,0.024316445483974995
0.6748778414987101,-0.3055835506367693,0.024178119238171484
0.6761907301928601,-0.3090485224925253,0.024041162961199927
0.6774970863850426,-0.3124962989628619,0.023905563085019805
0.6787969442053252,-0.3159269647658934,0.023771306175969533
0.6800903374210463,-0.319340604272403,0.023638378933435015
0.6813772994605817,-0.32273730149924534,0.023506768188531587
0.6826578634344976,-0.32611714010372655,0.023376460902799028
0.6839320621543867,-0.32948020337885126,0.0232474441669096
0.685199928149648,-0.3328265742493357,0.02311970519938894
0.6864614936824466,-0.3361563352682994,0.022993231345349682
0.6877167907610572,-0.339469568614557,0.02286801007523757
0.6889658511517768,-0.3427663560904409,0.02274402898359011
0.690208706389567,-0.34604677912009335,0.022621275787807527
0.6914453877875707,-0.34931091874817327,0.02249973832693583
0.6926759264456308,-0.35255885563893025,0.02237940456046203
0.6939003532579234,-0.35579067007560194,0.022260262567121287
0.6951186989198066,-0.35900644196009807,0.022142300543715823
0.6963309939339718,-0.3622062508129363,0.02202550680394556
0.697537268615979,-0.36539017577340127,0.02190986977725044
0.6987375530992435,-0.36855829559989983,0.021795378007664044
0.6999318773395365,-0.37171068867048895,0.021682020152678713
0.7011202711190556,-0.3748474329835562,0.021569784982121837
0.7023027640501117,-0.3779686061586341,0.02145866137704329
0.703479385578477,-0.38107428543733174,0.021348638328613886
0.7046501649864321,-0.38416454768437003,0.021239704937034778
0.7058151313955449,-0.3872394693887071,0.02113185041045758
0.7069743137692126,-0.390299126664743,0.0210250640639153
0.7081277409149932,-0.3933435952535932,0.0209193353182637
0.7092754414867486,-0.3963729505244229,0.02081465369913335
0.7104174439866228,-0.3993872674758332,0.02071100883589187
0.711553776766871,-0.40238662073729287,0.020608390460616546
0.7126844680315584,-0.4053710845706092,0.020506788407077096
0.7138095458381409,-0.4083407328714331,0.02040619260972857
0.7149290380989433,-0.4112956391707923,0.020306593102714092
0.7160429725825433,-0.41423587663665024,0.02020798001887761
0.717151376915075,-0.41716151807548496,0.020110343588786387
0.7182542785814572,-0.420072635933886,0.02001367413976309
0.7193517049265575,-0.4229693023001656,0.01991796209492761
0.7204436831562977,-0.425851588905982,0.019823197972248262
0.7215302403387068,-0.4287195671279722,0.01972937238360242
0.7226114034049279,-0.4315733079893924,0.019636476033846426
0.7236871991501832,-0.43441288216176394,0.0195444997198948
0.7247576542347022,-0.43723835996652366,0.019453434329808433
0.7258227951846156,-0.4400498113766767,0.019363270841891912
0.7268826483928202,-0.44284730601845096,0.019274000323799806
0.727937240119817,-0.4456309131729518,0.019185613931651663
0.7289865964945238,-0.44840070177781605,0.019098102909155895
0.7300307435150675,-0.4511567404288648,0.019011458586742355
0.7310697070495559,-0.45389909738175344,0.0189256723807034
0.7321035128368321,-0.45662784055361955,0.01884073579234354
0.7331321864872123,-0.45934303752472655,0.018756640407137464
0.7341557534832098,-0.46204475554010366,0.018673377893896486
0.7351742391802448,-0.4647330615111816,0.018590940003943107
0.7361876688073428,-0.46740802201742304,0.018509318570293896
0.737196067467821,-0.47006970330794806,0.018428505506850375
0.7381994601399657,-0.47271817130315413,0.01834849280759795
0.7391978716776998,-0.4753534915963302,0.018269272545812745
0.7401913268112409,-0.477975729455265,0.01819083687327636
0.741179850147753,-0.48058494982384875,0.018113178019498324
0.7421634661719893,-0.48318121732366887,0.018036288290946275
0.7431421992469289,-0.48576459625559915,0.01796016007028385
0.7441160736144072,-0.488335150601382,0.01788478581561594
0.7450851133957397,-0.49089294402520417,0.017810158059741617
0.7460493425923402,-0.4934380398752656,0.01773626940941431
0.7470087850863345,-0.49597050118534125,0.01766311254460943
0.7479634646411674,-0.49849039067633616,0.017590680217799113
0.7489134049022067,-0.5009977707578331,0.017518965253234278
0.7498586293973415,-0.5034927035296336,0.017447960546233713
0.7507991615375761,-0.5059752507832913,0.017377659062480243
0.7517350246176204,-0.5084454740036389,0.01730805383732383
0.7526662418164759,-0.5109034343703072,0.017239137975091596
0.7535928361980171,-0.5133491927592372,0.017170904648404716
0.7545148307115707,-0.5157828097441857,0.017103347097501994
0.7554322481924896,-0.5182043455982225,0.01703645862957023
0.7563451113627242,-0.5206138602952216,0.01697023261808112
0.7572534428313904,-0.5230114135113444,0.016904662502134838
0.7581572650953335,-0.5253970646265159,0.016839741785810006
0.7590566005396895,-0.5277708727258943,0.016775464037520203
0.7599514714384427,-0.5301328966013327,0.016711822889376744
0.7608418999549807,-0.5324831947528342,0.01664881203655787
0.7617279081426461,-0.5348218253899999,0.01658642523668412
0.7626095179452845,-0.5371488464334692,0.016524656309199907
0.7634867511977907,-0.539464315516354,0.016463499134761233
0.7643596296266512,-0.5417682899856652,0.016402947654629425
0.7652281748504837,-0.5440608269037323,0.01634299587007096
0.7660924083805744,-0.5463419830496161,0.016283637841763128
0.7669523516214117,-0.5486118149205147,0.016224867689205662
0.7678080258712179,-0.5508703787331619,0.01616667959013816
0.7686594523224772,-0.5531177304252196,0.016109067779963276
0.7695066520624623,-0.5553539256566624,0.01605202655117565
0.7703496460737562,-0.5575790198111562,0.01599555025279645
0.771188455234774,-0.5597930679974293,0.015939633289813553
0.7720231003202797,-0.5619961250506373,0.015884270122627272
0.7728536020019013,-0.5641882455337209,0.015829455266501515
0.7736799808486442,-0.566369483738757,0.01577518329102046
0.7745022573273997,-0.5685398936883029,0.015721448819550565
0.7753204518034534,-0.5706995291367352,0.015668246528707897
0.7761345845409895,-0.5728484435715794,0.01561557114783077
0.7769446757035928,-0.574986690214836,0.015563417458457587
0.7777507453547488,-0.5771143220242974,0.015511780293809849
0.7785528134583405,-0.5792313916948602,0.015460654538280294
0.7793508998791433,-0.5813379516598297,0.01541003512692611
0.780145024383317,-0.583434054092219,0.015359917044967144
0.7809352066388956,-0.5855197509060405,0.015310295327289107
0.7817214662162746,-0.5875950937575917,0.015261165057951694
0.7825038225886957,-0.5896601340467348,0.015212521369701556
0.7832822951327293,-0.5917149229181696,0.015164359443490117
0.7840569031287545,-0.5937595112627002,0.015116674507996154
0.7848276657614369,-0.595793949718495,0.015069461839153114
0.7855946021202034,-0.5978182886723412,0.015022716759681129
0.7863577311997152,-0.5998325782608926,0.014976434638623595
0.7871170719003386,-0.6018368683719113,0.014930610890888431
0.787872643028613,-0.6038312086455031,0.01488524097679385
0.7886244632977166,-0.6058156484753472,0.01484032040161859
0.7893725513279298,-0.6077902370099194,0.014795844715156622
0.7901169256470969,-0.6097550231537092,0.014751809511276331
0.7908576046910846,-0.6117100555684312,0.014708210427483936
0.7915946068042385,-0.6136553826742299,0.014665043144491385
0.7923279502398383,-0.6155910526508797,0.01462230338578837
0.7930576531605487,-0.6175171134389771,0.014579986917218698
0.7937837336388702,-0.6194336127411291,0.014538089546560851
0.7945062096575863,-0.6213405980231338,0.014496607123112605
0.795225099110209,-0.6232381165151565,0.014455535537279872
0.7959404198014219,-0.6251262152128991,0.014414870720169557
0.7966521894475214,-0.6270049408787643,0.014374608643186465
0.797360425676855,-0.6288743400430136,0.01433474531763418
0.7980651460302585,-0.6307344590049195,0.014295276794319932
0.7987663679614901,-0.632585343833913,0.014256199163163332
0.7994641088376631,-0.6344270403707234,0.014217508552809033
0.8001583859396751,-0.6362595942285146,0.014179201130243188
0.8008492164626371,-0.6380830507940145,0.014141273100413722
0.8015366175162986,-0.6398974552286388,0.014103720705854353
0.8022206061254717,-0.64170285246961,0.014066540226312358
0.802901199230453,-0.64349928723107,0.014029727978380016
0.8035784136874423,-0.6452868040051875,0.013993280315129702
0.8042522662689612,-0.6470654470632602,0.013957193625752559
0.8049227736642676,-0.6488352604568113,0.013921464335200822
0.8055899524797695,-0.65059628801868,0.013886088903833638
0.8062538192394362,-0.6523485733641077,0.013851063827066362
0.8069143903852075,-0.6540921598918178,0.013816385635023411
0.807571682277401,-0.6558270907850908,0.013782050892194494
0.8082257111951172,-0.657553409012834,0.013748056197094247
0.8088764933366428,-0.6592711573306449,0.013714398181925255
0.8095240448198519,-0.6609803782818711,0.013681073512244442
0.8101683816826047,-0.6626811141986634,0.013648078886632687
0.8108095198831458,-0.6643734072030244,0.0136154110363678
0.8114474753004981,-0.6660572992078516,0.01358306672510067
0.812082263734857,-0.6677328319179757,0.013551042748534645
0.8127139009079817,-0.6694000468311933,0.013519335934108102
0.8133424024635839,-0.6710589852392946,0.013487943140680135
0.8139677839677161,-0.6727096882290865,0.013456861258219368
0.8145900609091563,-0.6743521966834096,0.01342608720749587
0.8152092486997924,-0.6759865512821512,0.01339561793977606
0.8158253626750032,-0.6776127925032528,0.01336545043652071
0.8164384180940386,-0.679230960623712,0.0133355817090859
0.8170484301403977,-0.6808410957205809,0.013306008798426907
0.8176554139222045,-0.6824432376719582,0.013276728774805104
0.8182593844725821,-0.684037426157977,0.013247738737497669
0.818860356750025,-0.6856237006617873,0.013219035814510257
0.81945834563877,-0.6872021004705344,0.013190617162292436
0.8200533659491642,-0.6887726646763312,0.01316247996545603
0.8206454324180324,-0.6903354321772273,0.013134621436496144
0.8212345597090418,-0.6918904416781712,0.013107038815515075
0.8218207624130651,-0.6934377316919702,0.013079729369948829
0.822404055048542,-0.6949773405402434,0.013052690394296457
0.8229844520618386,-0.6965093063543709,0.013025919209852015
0.8235619678276055,-0.6980336670764385,0.012999413164439179
0.8241366166491337,-0.6995504604601773,0.0129731696321485
0.8247084127587088,-0.7010597240718984,0.012947186013077275
0.8252773703179631,-0.702561495291424,0.012921459733071955
0.8258435034182273,-0.7040558113130123,0.012895988243473136
0.8264068260808787,-0.7055427091462795,0.012870769020863102
0.8269673522576885,-0.7070222256171158,0.01284579956681578
0.8275250958311677,-0.7084943973685981,0.012821077407649236
0.828080070614911,-0.7099592608618969,0.012796600094180656
0.8286322903539382,-0.7114168523771796,0.012772365201483669
0.8291817687250355,-0.7128672080145091,0.012748370328648116
0.8297285193370937,-0.7143103636947379,0.012724613098542198
0.8302725557314453,-0.7157463551603976,0.012701091157576993
0.8308138913822002,-0.7171752179765843,0.01267780217547329
0.8313525396965789,-0.7185969875318394,0.012654743845030689
0.831888514015245,-0.7200116990390258,0.012631913881899095
0.8324218276126355,-0.7214193875362005,0.012609310024352364
0.8329524936972894,-0.7228200878874818,0.012586930033064254
0.833480525412175,-0.7242138347839133,0.01256477169088658
0.8340059358350153,-0.7256006627443231,0.012542832802629566
0.8345287379786119,-0.7269806061161782,0.012521111194844356
0.8350489447911675,-0.7283536990764357,0.012499604715607715
0.8355665691566064,-0.7297199756323887,0.01247831123430884
0.8360816238948935,-0.7310794696225094,0.012457228641438256
0.8365941217623519,-0.7324322147172863,0.012436354848378859
0.8371040754519792,-0.7337782444200587,0.012415687787199004
0.8376114975937611,-0.7351175920678462,0.012395225410447621
0.8381164007549848,-0.7364502908321746,0.012374965690951362
0.8386187974405503,-0.737776373719897,0.012354906621613827
0.8391187000932797,-0.7390958735740117,0.01233504621521666
0.8396161210942255,-0.7404088230744756,0.012315382504222728
0.8401110727629774,-0.7417152547390133,0.012295913540581183
0.8406035673579674,-0.7430152009239227,0.012276637395534458
0.8410936170767732,-0.7443086938248763,0.012257552159427205
0.8415812340564206,-0.7455957654777186,0.012238655941517114
0.8420664303736838,-0.7468764477592594,0.012219946869787564
0.8425492180453845,-0.7481507723880637,0.012201423090762234
0.8430296090286901,-0.7494187709252367,0.012183082769321401
0.8435076152214088,-0.7506804747752057,0.012164924088520199
0.8439832484622853,-0.7519359151864983,0.012146945249408589
0.8444565205312935,-0.7531851232525155,0.012129144470853143
0.8449274431499282,-0.7544281299123027,0.012111519989360602
0.8453960279814956,-0.7556649659513152,0.012094070058903152
0.8458622866314021,-0.7568956620021811,0.012076792950745466
0.8463262306474417,-0.7581202485454599,0.012059686953273425
0.8467878715200822,-0.7593387559103973,0.012042750371824569
0.8472472206827493,-0.7605512142756766,0.012025981528520179
0.8477042895121103,-0.7617576536701658,0.012009378762099093
0.8481590893283556,-0.7629581039736614,0.011992940427753097
0.8486116313954792,-0.7641525949176287,0.011976664896963996
0.8490619269215576,-0.7653411560859379,0.01196055055734225
0.849509987059027,-0.766523816915597,0.011944595812467282
0.8499558229049605,-0.7677006066974806,0.01192879908172928
0.8503994455013419,-0.7688715545770556,0.011913158800172638
0.8508408658353398,-0.7700366895551027,0.01189767341834091
0.8512800948395794,-0.7711960404884353,0.011882341402123298
0.8517171433924136,-0.7723496360906132,0.011867161232602669
0.8521520223181918,-0.7734975049326549,0.011852131405905122
0.8525847423875289,-0.7746396754437443,0.011837250433050922
0.8530153143175713,-0.7757761759119355,0.011822516839807075
0.8534437487722626,-0.7769070344848525,0.011807929166541201
0.8538700563626078,-0.7780322791703875,0.011793485968077005
0.854294247646936,-0.7791519378373936,0.011779185813551038
0.8547163331311616,-0.7802660382163753,0.011765027286270989
0.8551363232690452,-0.7813746079001758,0.011751008983575317
0.8555542284624521,-0.7824776743446595,0.011737129516694296
0.8559700590616096,-0.783575264869393,0.01172338751061242
0.856383825365364,-0.7846674066583207,0.011709781603932221
0.856795537621435,-0.7857541267604388,0.011696310448739344
0.8572052060266704,-0.7868354520904648,0.011682972710469045
0.8576128407272975,-0.7879114094295046,0.011669767067773973
0.8580184518191752,-0.788982025425715,0.011656692212393271
0.8584220493480441,-0.7900473265949648,0.01164374684902295
0.8588236433097747,-0.7911073393214901,0.011630929695187581
0.8592232436506154,-0.7921620898585492,0.011618239481113244
0.8596208602674388,-0.7932116043290717,0.011605674949601718
0.8600165030079866,-0.794255908726306,0.01159323485590595
0.8604101816711137,-0.7952950289144632,0.011580917967606736
0.860801906007031,-0.7963289906293572,0.011568723064490609
0.8611916857175466,-0.7973578194790426,0.011556648938428981
0.8615795304563061,-0.7983815409444486,0.011544694393258448
0.861965449829032,-0.79940018038001,0.011532858244662275
0.8623494533937612,-0.8004137630142958,0.01152113932005308
0.8627315506610822,-0.801422313950633,0.011509536458456664
0.86311175109437,-0.8024258581677294,0.011498048510397001
0.8634900641100212,-0.8034244205202915,0.011486674337782351
0.8638664990776865,-0.8044180257396404,0.011475412813792515
0.8642410653205036,-0.8054066984343241,0.011464262822767206
0.8646137721153272,-0.8063904630907273,0.011453223260095527
0.8649846286929593,-0.8073693440736776,0.011442293032106523
0.8653536442383779,-0.808343365627049,0.011431471055960846
0.865720827890964,-0.8093125518743624,0.011420756259543483
0.8660861887447285,-0.8102769268193829,0.011410147581357527
0.866449735848537,-0.8112365143467147,0.011399643970419033
0.8668114782063342,-0.8121913382223922,0.011389244386152889
0.8671714247773666,-0.8131414220944687,0.011378947798289725
0.8675295844764048,-0.8140867894936024,0.011368753186763864
0.8678859661739641,-0.8150274638336387,0.011358659541612246
0.8682405786965238,-0.8159634684121905,0.011348665862874377
0.8685934308267467,-0.816894826411215,0.011338771160493285
0.8689445313036955,-0.8178215608975881,0.011328974454217397
0.8692938888230504,-0.8187436948236751,0.011319274773503467
0.8696415120373234,-0.8196612510279001,0.011309671157420391
0.8699874095560737,-0.8205742522353106,0.011300162654554045
0.8703315899461196,-0.8214827210581409,0.011290748322913007
0.8706740617317519,-0.8223866799963724,0.01128142722983524
0.8710148333949443,-0.8232861514382901,0.011272198451895676
0.871353913375564,-0.8241811576610378,0.011263061074814786
0.87169131007158,-0.8250717208311695,0.011254014193367946
0.8720270318392717,-0.8259578630051984,0.011245056911295792
0.8723610869934356,-0.826839606130143,0.011236188341215423
0.8726934838075916,-0.8277169720440711,0.011227407604532476
0.8730242305141872,-0.8285899824766406,0.011218713831354102
0.8733533353048021,-0.8294586590496372,0.011210106160402784
0.8736808063303506,-0.8303230232775103,0.011201583738930999
0.8740066517012838,-0.8311830965679058,0.011193145722636749
0.8743308794877902,-0.8320389002221962,0.011184791275579928
0.8746534977199959,-0.8328904554360084,0.01117651957009947
0.8749745143881631,-0.8337377832997482,0.011168329786731407
0.8752939374428883,-0.8345809047991233,0.01116022111412763
0.875611774795299,-0.8354198408156623,0.011152192748975555
0.8759280343172496,-0.8362546121272325,0.011144243895918516
0.8762427238415169,-0.8370852394085542,0.011136373767476981
0.8765558511619933,-0.8379117432317127,0.011128581583970525
0.8768674240338803,-0.8387341440666681,0.011120866573440608
0.8771774501738806,-0.839552462281762,0.01111322797157408
0.877485937260389,-0.8403667181442219,0.011105665021627466
0.8777928929336828,-0.8411769318206637,0.01109817697435201
0.8780983247961106,-0.8419831233775903,0.01109076308791943
0.8784022404122813,-0.8427853127818893,0.011083422627848442
0.8787046473092508,-0.8435835199013273,0.01107615486693198
0.8790055529767086,-0.8443777645050419,0.011068959085165161
0.8793049648671635,-0.8451680662640314,0.01106183456967396
0.879602890396128,-0.8459544447516418,0.011054780614644584
0.879899336942302,-0.846736919444052,0.011047796521253546
0.8801943118477555,-0.8475155097207556,0.011040881597598431
0.8804878224181105,-0.8482902348650414,0.01103403515862935
0.8807798759227219,-0.8490611140644705,0.011027256526081086
0.8810704795948576,-0.849828166411352,0.011020545028405888
0.8813596406318777,-0.8505914109032153,0.01101390000070694
0.8816473661954123,-0.8513508664432814,0.011007320784672495
0.8819336634115396,-0.8521065518409303,0.011000806728510665
0.882218539370962,-0.8528584858121672,0.010994357186884832
0.8825020011291814,-0.8536066869800859,0.010987971520849732
0.8827840557066748,-0.8543511738753303,0.010981649097788147
0.8830647100890673,-0.8550919649365533,0.010975389291348225
0.8833439712273055,-0.8558290785108729,0.01096919148138145
0.8836218460378296,-0.8565625328543274,0.010963055053881185
0.8838983414027449,-0.8572923461323272,0.010956979400921857
0.884173464169992,-0.8580185364201045,0.010950963920598723
0.8844472211535164,-0.8587411217031613,0.010945008016968238
0.8847196191334373,-0.8594601198777148,0.01093911109998903
0.8849906648562157,-0.8601755487511402,0.01093327258546341
0.8852603650348213,-0.8608874260424125,0.010927491894979555
0.8855287263488988,-0.8615957693825448,0.010921768455854157
0.8857957554449332,-0.8623005963150248,0.010916101701075702
0.8860614589364147,-0.8630019242962499,0.010910491069248303
0.8863258434040024,-0.8636997706959592,0.010904936004536079
0.8865889153956872,-0.8643941527976635,0.010899435956608097
0.8868506814269539,-0.8650850877990739,0.010893990380583822
0.8871111479809427,-0.8657725928125272,0.010888598736979185
0.8873703215086098,-0.8664566848654099,0.010883260491653099
0.8876282084288871,-0.8671373809005803,0.010877975115754555
0.8878848151288412,-0.8678146977767874,0.010872742085670234
0.8881401479638315,-0.868488652269089,0.010867560882972624
0.8883942132576677,-0.8691592610692668,0.010862430994368668
0.8886470173027664,-0.8698265407862402,0.010857351911648903
0.8888985663603072,-0.8704905079464774,0.010852323131637136
0.8891488666603871,-0.8711511789944046,0.010847344156140562
0.8893979244021754,-0.8718085702928137,0.01084241449190044
0.8896457457540671,-0.8724626981232669,0.010837533650543197
0.8898923368538356,-0.8731135786865007,0.010832701148532076
0.8901377038087847,-0.8737612281028266,0.010827916507119206
0.8903818526958999,-0.8744056624125305,0.010823179252298191
0.8906247895619989,-0.87504689757627,0.010818488914757148
0.8908665204238813,-0.8756849494754696,0.010813845029832203
0.8911070512684778,-0.8763198339127144,0.010809247137461474
0.8913463880529984,-0.876951566612141,0.010804694782139475
0.8915845367050798,-0.8775801632198271,0.010800187512871996
0.8918215031229322,-0.8782056393041792,0.01079572488313144
0.8920572931754857,-0.8788280103563177,0.010791306450812568
0.8922919127025353,-0.8794472917904614,0.010786931778188706
0.8925253675148858,-0.8800634989443084,0.010782600431868369
0.8927576633944955,-0.8806766470794163,0.010778311982752345
0.8929888060946195,-0.8812867513815804,0.010774066005991187
0.8932188013399524,-0.8818938269612095,0.010769862080943092
0.8934476548267695,-0.8824978888537003,0.01076569979113226
0.8936753722230685,-0.8830989520198096,0.010761578724207625
0.8939019591687096,-0.8836970313460252,0.010757498471902001
0.8941274212755552,-0.8842921416449341,0.010753458629991641
0.8943517641276089,-0.8848842976555898,0.010749458798256178
0.8945749932811535,-0.8854735140438772,0.010745498580439
0.8947971142648895,-0.8860598054028754,0.01074157758420797
0.8950181325800711,-0.88664318625322,0.010737695421116572
0.8952380537006428,-0.8872236710434621,0.010733851706565425
0.8954568830733749,-0.8878012741504261,0.010730046059764164
0.8956746261179985,-0.8883760098795661,0.010726278103693762
0.8958912882273399,-0.88894789246532,0.01072254746506913
0.8961068747674535,-0.8895169360714623,0.010718853774302158
0.8963213910777558,-0.8900831547914544,0.010715196665465089
0.8965348424711563,-0.8906465626487942,0.0107115757762543
0.8967472342341904,-0.891207173597363,0.010707990747954371
0.8969585716271493,-0.8917650015217714,0.010704441225402558
0.8971688598842108,-0.8923200602377029,0.010700926856953619
0.8973781042135689,-0.8928723634922565,0.010697447294444972
0.8975863097975626,-0.8934219249642865,0.01069400219316219
0.8977934817928045,-0.8939687582647419,0.010690591211804878
0.8979996253303083,-0.8945128769370032,0.010687214012452836
0.898204745515616,-0.895054294457218,0.010683870260532585
0.8984088474289244,-0.8955930242346345,0.010680559624784232
0.8986119361252104,-0.896129079611934,0.010677281777228653
0.8988140166343572,-0.8966624738655609,0.010674036393134993
0.8990150939612781,-0.8971932202060519,0.010670823150988487
0.8992151730860405,-0.8977213317783628,0.010667641732458632
0.8994142589639894,-0.8982468216621946,0.01066449182236763
0.8996123565258705,-0.8987697028723171,0.010661373108659175
0.8998094706779515,-0.8992899883588908,0.010658285282367537
0.9000056063021442,-0.8998076910077888,0.010655228037586943
0.9002007682561255,-0.9003228236409148,0.010652201071441271
0.9003949613734572,-0.9008353990165211,0.010649204084054087
0.9005881904637062,-0.9013454298295248,0.010646236778518859
0.9007804603125632,-0.9018529287118219,0.01064329886086962
0.9009717756819616,-0.9023579082326002,0.01064039004005179
0.9011621413101952,-0.9028603808986508,0.01063751002789337
0.9013515619120357,-0.9033603591546776,0.010634658539076395
0.9015400421788492,-0.9038578553836056,0.010631835291108643
0.9017275867787129,-0.9043528819068878,0.010629040004295686
0.9019142003565301,-0.90484545098481,0.010626272401713141
0.9020998875341458,-0.9053355748167945,0.01062353220917927
0.9022846529104609,-0.9058232655417028,0.010620819155227787
0.9024685010615459,-0.9063085352381355,0.010618132971081001
0.9026514365407544,-0.9067913959247318,0.010615473390623152
0.9028334638788365,-0.9072718595604672,0.01061284015037406
0.9030145875840496,-0.9077499380449495,0.010610232989463038
0.9031948121422716,-0.9082256432187138,0.010607651649603027
0.903374142017111,-0.9086989868635155,0.010605095875065024
0.9035525816500175,-0.909169980702622,0.010602565412652726
0.9037301354603927,-0.9096386364011037,0.010600060011677468
0.9039068078456989,-0.9101049655661219,0.010597579423933386
0.9040826031815682,-0.9105689797472172,0.010595123403672807
0.9042575258219108,-0.911030690436595,0.01059269170758193
0.904431580099023,-0.9114901090694103,0.0105902840947567
0.9046047703236946,-0.9119472470240509,0.010587900326678952
0.904777100785315,-0.9124021156224194,0.010585540167192792
0.9049485757519804,-0.912854726130213,0.010583203382481166
0.9051191994705986,-0.9133050897572035,0.010580889741042742
0.905288976166995,-0.9137532176575137,0.01057859901366895
0.9054579100460166,-0.914199120929895,0.010576330973421262
0.9056260052916365,-0.914642810618001,0.010574085395608739
0.9057932660670575,-0.9150842977106621,0.010571862057765759
0.9059596965148148,-0.9155235931421569,0.010569660739629968
0.9061253007568794,-0.9159607077924833,0.010567481223120477
0.9062900828947594,-0.916395652487628,0.010565323292316233
0.9064540470096021,-0.9168284379998347,0.010563186733434662
0.9066171971622947,-0.9172590750478706,0.01056107133481046
0.9067795373935652,-0.9176875742972922,0.010558976886874627
0.9069410717240822,-0.9181139463607091,0.010556903182133724
0.9071018041545549,-0.9185382017980471,0.010554850015149303
0.9072617386658315,-0.9189603511168098,0.010552817182517556
0.9074208792189984,-0.9193804047723387,0.01055080448284916
0.9075792297554782,-0.919798373168072,0.010548811716749346
0.907736794197127,-0.9202142666558025,0.010546838686798113
0.9078935764463321,-0.920628095535934,0.010544885197530695
0.9080495803861077,-0.9210398700577364,0.010542951055418186
0.9082048098801923,-0.9214496004195989,0.010541036068848375
0.9083592687731432,-0.9218572967692837,0.010539140048106762
0.9085129608904328,-0.9222629692041768,0.010537262805357743
0.9086658900385425,-0.9226666277715376,0.01053540415462603
0.9088180600050573,-0.9230682824687486,0.01053356391177822
0.9089694745587598,-0.9234679432435624,0.010531741894504532
0.9091201374497231,-0.9238656199943482,0.010529937922300782
0.9092700524094041,-0.9242613225703372,0.010528151816450467
0.9094192231507356,-0.9246550607718663,0.010526383400007071
0.9095676533682188,-0.9250468443506209,0.010524632497776557
0.9097153467380138,-0.9254366830098762,0.010522898936299973
0.9098623069180316,-0.9258245864047381,0.01052118254383629
0.9100085375480242,-0.9262105641423816,0.010519483150345385
0.9101540422496752,-0.9265946257822892,0.010517800587471197
0.9102988246266888,-0.9269767808364877,0.010516134688525046
0.9104428882648795,-0.9273570387697834,0.010514485288469122
0.910586236732261,-0.9277354089999968,0.010512852223900132
0.9107288735791345,-0.928111900898196,0.010511235333033095
0.9108708023381761,-0.9284865237889283,0.01050963445568536
0.9110120265245253,-0.9288592869504515,0.010508049433260688
0.9111525496358711,-0.9292301996149638,0.010506480108733564
0.9112923751525392,-0.9295992709688321,0.010504926326633654
0.9114315065375781,-0.9299665101528197,0.010503387933030352
0.9115699472368446,-0.9303319262623129,0.0105018647755176
0.9117077006790894,-0.9306955283475457,0.010500356703198736
0.9118447702760419,-0.9310573254138245,0.010498863566671561
0.911981159422495,-0.9314173264217508,0.010497385218013548
0.9121168714963886,-0.9317755402874435,0.010495921510767177
0.9122519098588938,-0.9321319758827593,0.010494472299925423
0.9123862778544959,-0.9324866420355126,0.010493037441917407
0.9125199788110773,-0.9328395475296941,0.010491616794594148
0.9126530160399997,-0.9331907011056887,0.010490210217214494
0.9127853928361866,-0.9335401114604912,0.010488817570431195
0.9129171124782046,-0.9338877872479225,0.010487438716277065
0.9130481782283443,-0.9342337370788436,0.010486073518151338
0.9131785933327016,-0.9345779695213687,0.01048472184080613
0.9133083610212579,-0.9349204931010777,0.010483383550333028
0.91343748450796,-0.935261316301227,0.010482058514149841
0.9135659669908002,-0.9356004475629601,0.010480746600987459
0.9136938116518944,-0.9359378952855162,0.010479447680876849
0.9138210216575623,-0.9362736678264385,0.01047816162513617
0.9139476001584047,-0.936607773501781,0.010476888306358045
0.9140735502893822,-0.9369402205863148,0.01047562759839691
0.9141988751698925,-0.9372710173137324,0.010474379376356549
0.9143235779038478,-0.9376001718768525,0.0104731435165777
0.9144476615797515,-0.9379276924278221,0.0104719198966258
0.9145711292707752,-0.9382535870783189,0.010470708395278881
0.914693984034834,-0.9385778638997517,0.010469508892515543
0.9148162289146631,-0.9389005309234613,0.010468321269503039
0.9149378669378923,-0.939221596140918,0.010467145408585567
0.9150589011171217,-0.939541067503921,0.010465981193272557
0.9151793344499962,-0.939858952924794,0.01046482850822715
0.9152991699192793,-0.9401752602765824,0.01046368723925477
0.9154184104929273,-0.940489997393247,0.010462557273291819
0.9155370591241627,-0.9408031720698593,0.010461438498394454
0.9156551187515477,-0.9411147920627936,0.010460330803727545
0.9157725922990564,-0.9414248650899195,0.010459234079553617
0.9158894826761476,-0.9417333988307932,0.010458148217222053
0.9160057927778368,-0.9420404009268474,0.01045707310915831
0.9161215254847678,-0.9423458789815805,0.010456008648853212
0.916236683663284,-0.9426498405607454,0.010454954730852476
0.9163512701654998,-0.9429522931925364,0.010453911250746217
0.9164652878293706,-0.9432532443677757,0.010452878105158596
0.9165787394787638,-0.9435527015400992,0.010451855191737629
0.916691627923528,-0.9438506721261408,0.010450842409144996
0.916803955959563,-0.9441471635057165,0.010449839657046019
0.9169157263688892,-0.9444421830220066,0.01044884683609973
0.9170269419197162,-0.9447357379817378,0.010447863847949039
0.9171376053665115,-0.9450278356553646,0.010446890595210936
0.9172477194500684,-0.9453184832772489,0.010445926981466928
0.9173572868975747,-0.945607688045839,0.010444972911253401
0.9174663104226791,-0.9458954571238484,0.010444028290052225
0.9175747927255595,-0.9461817976384329,0.010443093024281369
0.9176827364929891,-0.9464667166813672,0.010442167021285614
0.9177901443984033,-0.9467502213092204,0.0104412501893274
0.917897019101966,-0.9470323185435311,0.01044034243757772
0.918003363250635,-0.9473130153709809,0.01043944367610714
0.9181091794782283,-0.9475923187435676,0.01043855381587686
0.9182144704054886,-0.9478702355787777,0.010437672768729924
0.9183192386401487,-0.948146772759757,0.010436800447382473
0.9184234867769958,-0.9484219371354818,0.01043593676541509
0.9185272173979359,-0.9486957355209282,0.010435081637264245
0.9186304330720577,-0.9489681746972408,0.010434234978213844
0.9187331363556963,-0.949239261411901,0.010433396704386783
0.9188353297924965,-0.9495090023788935,0.010432566732736683
0.9189370159134757,-0.9497774042788732,0.010431744981039645
0.9190381972370866,-0.9500444737593307,0.010430931367886106
0.9191388762692797,-0.9503102174347561,0.01043012581267278
0.9192390555035652,-0.9505746418868037,0.010429328235594663
0.919338737421075,-0.9508377536644548,0.01042853855763713
0.9194379244906238,-0.9510995592841793,0.010427756700568112
0.9195366191687706,-0.9513600652300983,0.01042698258693034
0.9196348238998793,-0.9516192779541434,0.010426216140033674
0.9197325411161793,-0.9518772038762172,0.010425457283947509
0.9198297732378258,-0.9521338493843524,0.010424705943493241
0.9199265226729597,-0.9523892208348694,0.010423962044236837
0.9200227918177671,-0.9526433245525345,0.010423225512481446
0.920118583056539,-0.952896166830716,0.010422496275260098
0.9202138987617301,-0.95314775393154,0.010421774260328488
0.9203087412940174,-0.9533980920860461,0.010421059396157806
0.920403113002359,-0.953647187494341,0.010420351611927661
0.9204970162240522,-0.9538950463257525,0.010419650837519064
0.9205904532847912,-0.9541416747189824,0.01041895700350745
0.9206834264987248,-0.954387078782258,0.010418270041155869
0.920775938168514,-0.954631264593484,0.010417589882408094
0.9208679905853885,-0.9548742382003925,0.010416916459881955
0.9209595860292038,-0.9551160056206932,0.010416249706862606
0.9210507267684975,-0.9553565728422222,0.010415589557295941
0.9211414150605458,-0.9555959458230903,0.010414935945782062
0.921231653151419,-0.9558341304918306,0.010414288807568759
0.9213214432760373,-0.9560711327475456,0.010413648078545142
0.9214107876582261,-0.9563069584600529,0.010413013695235259
0.9214996885107714,-0.9565416134700306,0.010412385594791821
0.921588148035474,-0.9567751035891624,0.01041176371498998
0.9216761684232044,-0.957007434600281,0.010411147994221128
0.9217637518539573,-0.9572386122575117,0.010410538371486857
0.9218509004969052,-0.9574686422864146,0.01040993478639286
0.921937616510452,-0.9576975303841267,0.010409337179142969
0.9220239020422871,-0.957925282219503,0.010408745490533255
0.9221097592294378,-0.9581519034332564,0.010408159661946099
0.922195190198323,-0.9583773996380981,0.01040757963534446
0.922280197064805,-0.9586017764188762,0.010407005353266068
0.9223647819342429,-0.9588250393327141,0.010406436758817764
0.9224489469015439,-0.959047193909148,0.010405873795669854
0.9225326940512157,-0.9592682456502644,0.010405316408050513
0.9226160254574178,-0.9594882000308353,0.010404764540740295
0.9226989431840131,-0.9597070624984552,0.010404218139066626
0.9227814492846189,-0.9599248384736746,0.01040367714889841
0.9228635458026577,-0.9601415333501353,0.010403141516640659
0.9229452347714081,-0.9603571524947035,0.010402611189229189
0.9230265182140548,-0.960571701247603,0.010402086114125348
0.9231073981437389,-0.960785184922547,0.010401566239310824
0.9231878765636077,-0.9609976088068702,0.010401051513282493
0.9232679554668644,-0.9612089781616595,0.010400541885047318
0.9233476368368173,-0.9614192982218842,0.010400037304117274
0.9234269226469292,-0.961628574196526,0.010399537720504384
0.9235058148608658,-0.9618368112687078,0.010399043084715733
0.923584315432545,-0.9620440145958218,0.010398553347748586
0.9236624263061848,-0.9622501893096579,0.010398068461085519
0.9237401494163513,-0.9624553405165301,0.010397588376689628
0.9238174866880072,-0.9626594732974035,0.010397113046999754
0.9238944400365591,-0.9628625927080198,0.010396642424925783
0.9239710113679049,-0.9630647037790225,0.010396176463843979
0.9240472025784814,-0.9632658115160819,0.010395715117592363
0.9241230155553105,-0.9634659209000187,0.010395258340466123
0.9241984521760468,-0.9636650368869274,0.010394806087213127
0.9242735143090236,-0.9638631644082992,0.010394358313029395
0.9243482038132993,-0.964060308371144,0.010393914973554698
0.9244225225387034,-0.9642564736581118,0.010393476024868141
0.9244964723258823,-0.9644516651276142,0.0103930414234838
0.924570055006345,-0.9646458876139439,0.01039261112634646
0.9246432724025084,-0.9648391459273953,0.010392185090827288
0.9247161263277425,-0.9650314448543827,0.01039176327471968
0.924788618586415,-0.96522278915756,0.01039134563623501
0.9248607509739366,-0.9654131835759373,0.010390932133998538
0.9249325252768048,-0.9656026328249994,0.01039052272704529
0.9250039432726485,-0.965791141596822,0.010390117374816005
0.9250750067302719,-0.9659787145601882,0.01038971603715312
0.9251457174096986,-0.966165356360704,0.010389318674296785
0.925216077062215,-0.9663510716209132,0.010388925246880924
0.9252860874304132,-0.966535864940412,0.01038853571592936
0.925355750248235,-0.9667197408959632,0.010388150042851893
0.9254250672410145,-0.9669027040416093,0.010387768189440545
0.9254940401255204,-0.967084758908785,0.01038739011786575
0.9255626706099992,-0.96726591000643,0.01038701579067258
0.9256309603942171,-0.9674461618211004,0.010386645170777075
0.9256989111695022,-0.9676255188170798,0.010386278221462538
0.9257665246187864,-0.9678039854364898,0.01038591490637592
0.925833802416647,-0.9679815660994002,0.010385555189524203
0.9259007462293485,-0.9681582652039383,0.010385199035270843
0.9259673577148834,-0.968334087126398,0.010384846408332244
0.9260336385230133,-0.968509036221348,0.010384497273774232
0.9260995902953104,-0.9686831168217398,0.010384151597008635
0.9261652146651973,-0.968856333239015,0.01038380934378984
0.926230513257988,-0.969028689763212,0.010383470480211397
0.9262954876909281,-0.9692001906630722,0.010383134972702655
0.9263601395732345,-0.9693708401861459,0.010382802788025459
0.9264244705061357,-0.9695406425588976,0.010382473893270813
0.9264884820829113,-0.9697096019868101,0.010382148255855674
0.9265521758889314,-0.9698777226544892,0.010381825843519696
0.9266155535016957,-0.9700450087257675,0.010381506624322016
0.926678616490873,-0.9702114643438067,0.010381190566638136
0.9267413664183398,-0.9703770936312011,0.010380877639156747
0.9268038048382189,-0.9705419006900791,0.010380567810876649
0.9268659332969181,-0.9707058896022052,0.01038026105110367
0.9269277533331686,-0.9708690644290807,0.01037995732944764
0.9269892664780625,-0.9710314292120449,0.010379656615819362
0.9270504742550914,-0.9711929879723744,0.010379358880427642
0.927111378180184,-0.9713537447113832,0.01037906409377633
0.9271719797617433,-0.9715137034105219,0.010378772226661415
0.9272322805006842,-0.9716728680314759,0.01037848325016811
0.9272922818904707,-0.9718312425162637,0.010378197135667986
0.927351985417153,-0.9719888307873348,0.010377913854816179
0.927411392559404,-0.9721456367476662,0.010377633379548515
0.9274705047885559,-0.9723016642808598,0.010377355682078789
0.927529323568637,-0.9724569172512383,0.010377080734895974
0.9275878503564079,-0.9726113995039405,0.010376808510761516
0.9276460866013971,-0.9727651148650173,0.010376538982706622
0.9277040337459376,-0.9729180671415256,0.010376272124029603
0.927761693225202,-0.9730702601216236,0.010376007908293225
0.9278190664672384,-0.9732216975746635,0.010375746309322068
0.9278761548930059,-0.9733723832512857,0.010375487301199962
0.9279329599164092,-0.9735223208835115,0.010375230858267416
0.9279894829443343,-0.9736715141848353,0.010374976955119049
0.9280457253766827,-0.9738199668503167,0.010374725566601106
0.9281016886064068,-0.973967682556672,0.01037447666780895
0.9281573740195439,-0.9741146649623654,0.010374230234084585
0.9282127829952505,-0.9742609177076995,0.010373986241014252
0.9282679169058365,-0.9744064444149053,0.010373744664425956
0.9283227771167998,-0.9745512486882322,0.010373505480387112
0.928377364986859,-0.974695334114037,0.010373268665202162
0.9284316818679879,-0.974838704260873,0.010373034195410212
0.9284857291054487,-0.9749813626795784,0.010372802047782747
0.9285395080378256,-0.9751233129033635,0.010372572199321282
0.9285930199970573,-0.9752645584478994,0.010372344627255121
0.9286462663084708,-0.9754051028114041,0.010372119309039076
0.9286992482908134,-0.9755449494747297,0.01037189622235126
0.9287519672562861,-0.9756841019014483,0.010371675345090835
0.9288044245105757,-0.9758225635379378,0.010371456655375868
0.9288566213528872,-0.9759603378134677,0.010371240131541136
0.9289085590759759,-0.9760974281402832,0.010371025752135988
0.9289602389661797,-0.9762338379136907,0.010370813495922207
0.9290116623034507,-0.9763695705121409,0.01037060334187194
0.9290628303613868,-0.9765046292973133,0.010370395269165573
0.9291137444072637,-0.9766390176141989,0.010370189257189678
0.9291644057020658,-0.9767727387911834,0.010369985285535017
0.9292148155005178,-0.9769057961401296,0.010369783333994442
0.9292649750511154,-0.977038192956459,0.010369583382560969
0.9293148855961565,-0.9771699325192339,0.010369385411425729
0.9293645483717721,-0.9773010180912386,0.010369189400976062
0.9294139646079563,-0.9774314529190598,0.010368995331793543
0.9294631355285977,-0.9775612402331674,0.010368803184652059
0.9295120623515087,-0.9776903832479943,0.01036861294051592
0.9295607462884565,-0.9778188851620163,0.01036842458053795
0.9296091885451926,-0.9779467491578309,0.01036823808605765
0.9296573903214828,-0.9780739784022362,0.010368053438599322
0.929705352811137,-0.9782005760463098,0.010367870619870257
0.9297530772020387,-0.9783265452254863,0.010367689611758907
0.9298005646761743,-0.9784518890596352,0.010367510396333096
0.9298478164096629,-0.9785766106531381,0.010367332955838264
0.9298948335727844,-0.9787007130949655,0.010367157272695668
0.9299416173300096,-0.9788241994587538,0.01036698332950068
0.9299881688400284,-0.9789470728028806,0.010366811109021037
0.9300344892557788,-0.9790693361705411,0.010366640594195146
0.930080579724475,-0.9791909925898233,0.010366471768130391
0.9301264413876363,-0.9793120450737828,0.010366304614101455
0.9301720753811152,-0.9794324966205176,0.01036613911554867
0.9302174828351255,-0.9795523502132424,0.01036597525607637
0.9302626648742702,-0.9796716088203625,0.01036581301945127
0.9303076226175698,-0.9797902753955471,0.01036565238960087
0.9303523571784893,-0.9799083528778025,0.01036549335061183
0.9303968696649663,-0.9800258441915454,0.010365335886728427
0.9304411611794383,-0.9801427522466742,0.010365179982350977
0.9304852328188701,-0.9802590799386426,0.0103650256220343
0.9305290856747808,-0.9803748301485298,0.010364872790486172
0.9305727208332707,-0.980490005743113,0.010364721472565834
0.9306161393750488,-0.9806046095749376,0.01036457165328247
0.9306593423754589,-0.9807186444823884,0.010364423317793735
0.9307023309045065,-0.9808321132897597,0.010364276451404279
0.9307451060268854,-0.9809450188073252,0.0103641310395643
0.930787668802004,-0.9810573638314076,0.010363987067868093
0.9308300202840114,-0.9811691511444479,0.010363844522052613
0.9308721615218237,-0.9812803835150744,0.010363703387996094
0.9309140935591499,-0.9813910636981711,0.010363563651716623
0.9309558174345176,-0.981501194434946,0.010363425299370755
0.930997334181299,-0.981610778452999,0.010363288317252159
0.9310386448277365,-0.9817198184663897,0.010363152691790244
0.9310797503969677,-0.981828317175704,0.01036301840954882
0.9311206519070513,-0.9819362772681215,0.010362885457224785
0.931161350370992,-0.982043701417482,0.010362753821646758
0.9312018467967658,-0.9821505922843515,0.010362623489773832
0.9312421421873446,-0.9822569525160886,0.010362494448694247
0.9312822375407215,-0.9823627847469091,0.010362366685624121
0.9313221338499351,-0.9824680915979522,0.010362240187906173
0.9313618321030944,-0.9825728756773452,0.010362114943008495
0.9314013332834032,-0.9826771395802676,0.010361990938523281
0.9314406383691844,-0.982780885889016,0.010361868162165616
0.9314797483339041,-0.9828841171730677,0.010361746601772253
0.931518664146196,-0.9829868359891442,0.010361626245300406
0.9315573867698851,-0.983089044881275,0.010361507080826558
0.9315959171640119,-0.9831907463808605,0.010361389096545293
0.9316342562828559,-0.9832919430067341,0.010361272280768098
0.9316724050759592,-0.9833926372652253,0.010361156621922234
0.93171036448815,-0.9834928316502215,0.010361042108549578
0.9317481354595666,-0.9835925286432298,0.01036092872930547
0.9317857189256797,-0.9836917307134382,0.01036081647295763
0.9318231158173165,-0.9837904403177773,0.010360705328385003
0.9318603270606828,-0.9838886599009806,0.010360595284576689
0.9318973535773869,-0.9839863918956454,0.010360486330630827
0.9319341962844618,-0.9840836387222929,0.010360378455753536
0.9319708560943882,-0.9841804027894282,0.010360271649257827
0.932007333915117,-0.9842766864935999,0.010360165900562567
0.9320436306500917,-0.9843724922194594,0.010360061199191405
0.9320797471982707,-0.9844678223398202,0.010359957534771758
0.93211568445415,-0.9845626792157165,0.010359854897033758
0.9321514433077852,-0.9846570651964616,0.010359753275809262
0.9321870246448131,-0.9847509826197061,0.01035965266103082
0.932222429346474,-0.9848444338114961,0.0103595530427307
0.9322576582896337,-0.9849374210863304,0.010359454411039883
0.9322927123468048,-0.9850299467472181,0.0103593567561871
0.9323275923861685,-0.9851220130857355,0.010359260068497834
0.9323622992715963,-0.985213622382083,0.010359164338393406
0.9323968338626711,-0.9853047769051412,0.010359069556389997
0.9324311970147086,-0.9853954789125277,0.010358975713097707
0.9324653895787783,-0.9854857306506524,0.010358882799219649
0.9324994124017253,-0.9855755343547735,0.010358790805550987
0.9325332663261902,-0.9856648922490528,0.01035869972297807
0.9325669521906306,-0.9857538065466109,0.0103586095424775
0.9326004708293419,-0.9858422794495817,0.010358520255115248
0.9326338230724779,-0.985930313149167,0.010358431852045762
0.932667009746071,-0.9860179098256912,0.010358344324511099
0.9327000316720532,-0.9861050716486546,0.010358257663840053
0.9327328896682762,-0.9861918007767879,0.010358171861447297
0.9327655845485315,-0.9862780993581051,0.01035808690883253
0.932798117122571,-0.9863639695299568,0.010358002797579645
0.9328304881961264,-0.9864494134190832,0.010357919519355871
0.9328626985709297,-0.9865344331416671,0.010357837065910987
0.932894749044733,-0.9866190308033856,0.010357755429076456
0.9329266404113281,-0.986703208499463,0.01035767460076466
0.9329583734605661,-0.9867869683147221,0.010357594572968072
0.9329899489783771,-0.9868703123236361,0.010357515337758479
0.9330213677467896,-0.98695324259038,0.010357436887286173
0.93305263054395,-0.9870357611688817,0.010357359213779201
0.9330837381441418,-0.9871178701028728,0.01035728230954258
0.9331146913178046,-0.9871995714259393,0.01035720616695753
0.9331454908315534,-0.9872808671615719,0.01035713077848074
0.9331761374481975,-0.9873617593232162,0.0103570561366436
0.9332066319267595,-0.9874422499143225,0.010356982234051472
0.9332369750224938,-0.9875223409283954,0.010356909063382937
0.9332671674869057,-0.9876020343490431,0.010356836617389105
0.9332972100677698,-0.987681332150027,0.010356764888892882
0.9333271035091485,-0.9877602362953096,0.010356693870788235
0.9333568485514104,-0.9878387487391044,0.010356623556039526
0.933386445931249,-0.9879168714259232,0.010356553937680788
0.9334158963817002,-0.9879946062906251,0.010356485008815046
0.9334452006321613,-0.9880719552584637,0.01035641676261364
0.9334743594084085,-0.9881489202451352,0.010356349192315522
0.9335033734326151,-0.988225503156826,0.010356282291226628
0.9335322434233694,-0.9883017058902593,0.010356216052719167
0.9335609700956923,-0.9883775303327429,0.010356150470231014
0.9335895541610552,-0.988452978362215,0.010356085537265013
0.9336179963273975,-0.9885280518472915,0.010356021247388362
0.9336462972991443,-0.988602752647312,0.010355957594231984
0.9336744577772237,-0.9886770826123857,0.010355894571489853
0.9337024784590843,-0.9887510435834376,0.010355832172918416
0.9337303600387122,-0.9888246373922535,0.010355770392335957
0.9337581032066485,-0.988897865861526,0.010355709223621973
0.9337857086500062,-0.9889707308048992,0.010355648660716579
0.9338131770524873,-0.9890432340270139,0.01035558869761992
0.9338405090943998,-0.989115377323552,0.010355529328391537
0.9338677054526742,-0.9891871624812815,0.010355470547149833
0.9338947668008808,-0.9892585912781,0.010355412348071448
0.9339216938092462,-0.9893296654830794,0.010355354725390687
0.9339484871446695,-0.9894003868565093,0.010355297673398977
0.9339751474707393,-0.9894707571499408,0.01035524118644427
0.9340016754477499,-0.9895407781062299,0.0103551852589305
0.934028071732718,-0.9896104514595805,0.01035512988531702
0.9340543369793982,-0.9896797789355875,0.01035507506011806
0.9340804718383001,-0.9897487622512793,0.010355020777902178
0.9341064769567039,-0.9898174031151608,0.010354967033291725
0.9341323529786764,-0.9898857032272552,0.010354913820962318
0.9341581005450871,-0.9899536642791464,0.010354861135642296
0.9341837202936241,-0.990021287954021,0.010354808972112215
0.9342092128588099,-0.9900885759267094,0.010354757325204321
0.934234578872017,-0.990155529863728,0.01035470618980204
0.9342598189614836,-0.9902221514233202,0.010354655560839473
0.9342849337523291,-0.9902884422554971,0.0103546054333009
0.9343099238665699,-0.990354404002079,0.010354555802220262
0.9343347899231341,-0.9904200382967356,0.010354506662680696
0.9343595325378776,-0.990485346765027,0.010354458009814027
0.9343841523235991,-0.9905503310244429,0.0103544098388003
0.9344086498900547,-0.990614992684444,0.010354362144867292
0.934433025843974,-0.9906793333465007,0.010354314923290047
0.9344572807890746,-0.9907433546041337,0.010354268169390397
0.9344814153260769,-0.9908070580429527,0.010354221878536522
0.9345054300527191,-0.9908704452406961,0.010354176046142456
0.9345293255637723,-0.9909335177672701,0.010354130667667657
0.9345531024510549,-0.9909962771847874,0.010354085738616568
0.9345767613034472,-0.9910587250476058,0.010354041254538135
0.9346003027069064,-0.9911208629023671,0.010353997211025394
0.9346237272444807,-0.991182692288035,0.010353953603715032
0.9346470354963239,-0.9912442147359333,0.010353910428286952
0.9346702280397098,-0.991305431769784,0.010353867680463822
0.9346933054490464,-0.991366344905745,0.010353825356010699
0.9347162682958902,-0.9914269556524475,0.01035378345073456
0.9347391171489604,-0.9914872655110334,0.010353741960483932
0.9347618525741529,-0.9915472759751925,0.010353700881148434
0.9347844751345542,-0.9916069885311998,0.010353660208658416
0.9348069853904557,-0.9916664046579516,0.010353619938984513
0.9348293838993673,-0.991725525827003,0.010353580068137282
0.9348516712160312,-0.9917843535026035,0.010353540592166782
0.9348738478924358,-0.991842889141734,0.010353501507162192
0.934895914477829,-0.9919011341941424,0.010353462809251436
0.9349178715187326,-0.9919590901023795,0.010353424494600768
0.9349397195589549,-0.9920167583018352,0.010353386559414422
0.9349614591396048,-0.9920741402207737,0.010353348999934226
0.9349830907991048,-0.9921312372803686,0.010353311812439222
0.9350046150732048,-0.9921880508947386,0.01035327499324531
0.9350260324949947,-0.9922445824709826,0.010353238538704866
0.9350473435949184,-0.9923008334092138,0.010353202445206407
0.9350685489007863,-0.9923568051025952,0.010353166709174216
0.9350896489377886,-0.9924124989373736,0.010353131327067977
0.9351106442285084,-0.9924679162929142,0.01035309629538244
0.9351315352929347,-0.9925230585417346,0.010353061610647083
0.9351523226484748,-0.9925779270495388,0.010353027269425746
0.9351730068099677,-0.9926325231752513,0.010352993268316296
0.9351935882896966,-0.9926868482710501,0.010352959603950307
0.9352140675974013,-0.9927409036824012,0.010352926272992703
0.9352344452402915,-0.9927946907480908,0.010352893272141443
0.9352547217230587,-0.9928482108002593,0.010352860598127192
0.9352748975478891,-0.992901465164434,0.01035282824771298
0.9352949732144759,-0.9929544551595618,0.01035279621769392
0.9353149492200316,-0.9930071820980421,0.010352764504896838
0.9353348260593005,-0.993059647285759,0.010352733106180005
0.935354604224571,-0.9931118520221142,0.010352702018432807
0.9353742842056872,-0.9931637976000585,0.010352671238575428
0.9353938664900621,-0.9932154853061241,0.010352640763558562
0.9354133515626883,-0.993266916420457,0.010352610590363102
0.9354327399061515,-0.9933180922168475,0.010352580715999832
0.9354520320006412,-0.9933690139627631,0.010352551137509157
0.9354712283239635,-0.9934196829193789,0.010352521851960785
0.9354903293515521,-0.9934701003416091,0.010352492856453442
0.9355093355564809,-0.9935202674781385,0.010352464148114601
0.9355282474094752,-0.9935701855714528,0.010352435724100157
0.9355470653789234,-0.9936198558578699,0.010352407581594203
0.9355657899308889,-0.9936692795675701,0.01035237971780871
0.9355844215291212,-0.9937184579246268,0.010352352129983255
0.9356029606350679,-0.9937673921470368,0.01035232481538476
0.9356214077078855,-0.9938160834467504,0.010352297771307209
0.9356397632044514,-0.9938645330297016,0.010352270995071399
0.9356580275793749,-0.9939127420958376,0.01035224448402465
0.9356762012850083,-0.9939607118391488,0.010352218235540552
0.9356942847714586,-0.9940084434476983,0.010352192247018712
0.935712278486598,-0.9940559381036516,0.010352166515884498
0.9357301828760757,-0.9941031969833051,0.010352141039588774
0.9357479983833283,-0.9941502212571162,0.01035211581560763
0.9357657254495914,-0.9941970120897315,0.01035209084144218
0.9357833645139096,-0.9942435706400164,0.010352066114618266
0.9358009160131486,-0.994289898061083,0.010352041632686257
0.9358183803820049,-0.9943359955003191,0.010352017393220758
0.9358357580530174,-0.9943818640994168,0.010351993393820409
0.9358530494565777,-0.9944275049944001,0.010351969632107631
0.9358702550209405,-0.994472919315654,0.010351946105728383
0.9358873751722349,-0.9945181081879514,0.010351922812351961
0.9359044103344744,-0.994563072730482,0.010351899749670719
0.9359213609295676,-0.9946078140568793,0.010351876915399879
0.9359382273773287,-0.9946523332752484,0.01035185430727728
0.9359550100954878,-0.9946966314881936,0.010351831923063187
0.9359717094997011,-0.9947407097928457,0.010351809760540029
0.9359883260035617,-0.9947845692808885,0.01035178781751219
0.9360048600186094,-0.9948282110385871,0.01035176609180583
0.9360213119543407,-0.9948716361468135,0.010351744581268604
0.9360376822182197,-0.9949148456810742,0.010351723283769508
0.9360539712156875,-0.9949578407115368,0.010351702197198632
0.9360701793501723,-0.9950006223030559,0.010351681319466965
0.9360863070231001,-0.9950431915152,0.01035166064850618
0.9361023546339037,-0.9950855494022779,0.010351640182268453
0.936118322580033,-0.9951276970133641,0.01035161991872622
0.9361342112569652,-0.9951696353923255,0.010351599855872003
0.9361500210582137,-0.9952113655778468,0.010351579991718207
0.9361657523753388,-0.9952528886034566,0.010351560324296936
0.936181405597957,-0.9952942054975527,0.010351540851659758
0.9361969811137505,-0.9953353172834274,0.010351521571877556
0.9362124793084768,-0.9953762249792935,0.01035150248304032
0.9362279005659787,-0.9954169295983087,0.010351483583256946
